<?xml version="1.0" encoding="utf-8"?>
<Context xmlns:xsi="http://www.w3.org/2001/XMLSchema-instance" xsi:noNamespaceSchemaLocation="..\..\..\..\..\CivTech\Libs\ForgeUI\ForgeUI_Assets\Controls.xsd">

	<Container ID="Vignette" Style="FullScreenVignetteConsumer" />

	<Container							ID="PopupContainer"						Anchor="C,C"									Size="parent,768">
		<ScrollPanel					ID="PeopleScroller"													Offset="0,0"		Size="parent,parent"	Vertical="0" AutoScrollBar="1">
<!--!! 修改背景   -->
			<Image							ID="WoodPaneling3"					Anchor="C,B"						Offset="0,50"					Size="214,200"    		Texture="GreatPeople_Background" StretchMode="Tile"/>
			<Image							ID="WoodPaneling2"					Anchor="C,B"						Offset="0,0"					Size="214,200"    		Texture="GreatPeople_Background" StretchMode="Tile"/>

			<Image							ID="WoodPaneling"																						Size="214,520"    		Texture="GreatPeople_Background" StretchMode="Tile"/>

			<Stack							ID="PeopleStack"														Offset="0,78"		StackGrowth="Right"		StackPadding="0" />
<!--		<ScrollBar																				Anchor="L,B"	Offset="0,10"		Size="parent-10,8"		Style="ScrollHorizontalBackingAlt">
				<Thumb																																															Style="ScrollThumbHAlt" />
			</ScrollBar>
-->
			<Tutorial ID="GPAbilityPointer" Style="TutorialContainer" Anchor="L,C" Offset="410,70" TriggerBy="TutorialGPAbilityPointer">
				<SlideAnim Start="110,-40" EndOffset="30,0" Cycle="Bounce" Function="OutQuad" >
					<Image Texture="Tutorial_ArrowH" Size="58,44" Offset="25,-90"/>
				</SlideAnim>
			</Tutorial>

			<Tutorial ID="GPCostPointer" Style="TutorialContainer" Anchor="L,C" Offset="410,270" TriggerBy="TutorialGPCostPointer">
				<SlideAnim Start="110,-40" EndOffset="30,0" Cycle="Bounce" Function="OutQuad" >
					<Image Texture="Tutorial_ArrowH" Size="58,44" Offset="45,111"/>
				</SlideAnim>
			</Tutorial>	
		</ScrollPanel>

		<Box									ID="RecruitedArea"																					Size="parent,parent"							Color="11,27,40,255">
			<Label																						Anchor="C,T"	Offset="0,95"		Style="FontBoldFlair18"						Color="188,180,167,255" SmallCaps="24" SmallCapsType="EveryWord" String="{LOC_GREAT_PEOPLE_RECRUITMENT_HISTORY:upper}" />

			<Line																							Start="10,130" End="parent-10,130"	Width="2"										Color="48,60,68,255" />
			<Container																											Offset="10,131" Size="parent-20,28" >
				<Label																					Anchor="L,T"	Offset="12,16"	Style="GreatPeopleChartHeader"		String="LOC_GREAT_PEOPLE_EARN_DATE" />
				<Label																					Anchor="L,T"	Offset="165,16"	Style="GreatPeopleChartHeader"		String="LOC_GREAT_PEOPLE_GREAT_PERSON" />
				<Label																					Anchor="L,T"	Offset="345,16"	Style="GreatPeopleChartHeader"		String="LOC_GREAT_PEOPLE_RECRUITED_BY" />
				<Label																					Anchor="C,T"	Offset="20,16"	Style="GreatPeopleChartHeader"		String="LOC_GREAT_PEOPLE_ABILITIES" />
			</Container>
			<Line	
																						Start="10,180" End="parent-10,180"	Width="2"				Color="48,60,68,255" />
			<ScrollPanel				ID="RecruitedScroller"											Offset="10,181"	Size="parent-5,parent-182"	Vertical="1" AutoScrollBar="1">
				<Stack						ID="RecruitedStack"																					StackGrowth="Up"		StackPadding="4" />		<!-- 伟人排序颠倒 -->
				<ScrollBar																			Anchor="R,T"	Offset="10,0"		Size="8,parent-300"		Style="ScrollVerticalBackingAlt">
					<Thumb																																														Style="ScrollThumbHAlt" />
				</ScrollBar>
			</ScrollPanel>
		</Box>		
		
		<!-- Tabs -->
		<Container																					Anchor="C,T"	Offset="0,48"		Size="auto,61" >
			<Image																				    Anchor="C,T"									Size="auto,27" AutoSizePadding="-100,0"					Texture="Controls_TabLedge2_Fill" StretchMode="Tile">
        <Grid																						Anchor="C,T"	Offset="0,-17"								Size="auto,61" AutoSizePadding="100,0"					Texture="Controls_TabLedge2"  SliceCorner="194,18" SliceSize="52,26" SliceTextureSize="438,61">
            <Container				ID="TabContainer"						Anchor="C,T"	Offset="0,13"	Size="0,34"/>
			  </Grid>
      </Image>
		</Container>
		
		<!-- Place the modal screen controls in a separate container; this uses a custom background inside of the scroll panel. -->
		<Container						ID="ModalFrame" Style="ModalScreenWide" />
	</Container>


	<!-- ==================================================================	-->
	<!--	Instances																													-->
	<!-- ==================================================================	-->
	<Instance						Name="PanelInstance">
		<Container				ID="Content"																					Size="214,670">
      <Grid						ID="FadedBackground"	Anchor="C,T"	Offset="-1,0"	Size="parent-10,parent-46" Texture="GreatPeople_Overlay" SliceCorner="13,13" SliceSize="1,1" SliceTextureSize="25,25" Hidden="1" />
      <Label					ID="ClassName"					Anchor="C,T"	Offset="0,6"		Color="60,60,30,255" GradientColor="230,230,150,255"	Style="FontFlair18" SmallCaps="24" SmallCapsType="EveryWord" String="$ClassName$"/>
			<Label					ID="IndividualName"			Anchor="C,C"	Offset="0,-295"	Align="C,C" WrapWidth="210"	Style="GreatPeopleLargeText"	String="$IndividualName$"/>
			<Line						ID="TitleLine"					Start="10,56"						End="204,56"	Width="2"				Color="199,187,157,90"  />
			<Label					ID="EraName"						Anchor="C,T"	Offset="0,66"		Style="GreatPeopleLargeText"	String="$EraName$"/>
      <Image				ID="CircleFlare"				Anchor="C,T"	Offset="0,30"		Texture="GreatPeople_SlotOn">
        <Image			ID="Portrait"  				  Anchor="C,B"	Offset="0,10" Size="105,105"	Texture="GreatPeople105"/>
        <Button		  ID="BiographyOpenButton" Anchor="R,B" Offset="-2,4" Size="29,29" Texture="TopBar_CivilopediaButton" ToolTip="LOC_GREAT_PEOPLE_BIOGRAPHY" />
      </Image>
      <Box				  Anchor="C,T" Offset="0,214" Size="parent-18,2" Color="199,187,157,90" />
      
      <Container			ID="MainInfo"					  Anchor="C,T"									Size="parent,654">
        <ScrollPanel	ID="EffectStackScroller" Offset="0,224" Size="parent-15,158" Vertical="1" AutoScrollBar="1">
				  <Stack			ID="EffectStack"											Offset="0,0" StackPadding="10"/>
          <ScrollBar													Anchor="R,T" AnchorSide="O,I"  Offset="1,0"	Style="ScrollVerticalBarAlt" Size="8,parent-10"/>
        </ScrollPanel>

				<Container			ID="RecruitProgressBox"	Anchor="C,B"	Offset="-1,30"	Size="parent,242">
          <Stack Anchor="C,T" StackGrowth="Down" StackPadding="3">
            <Box																				Anchor="C,T" Size="parent-8,2" Color="199,187,157,90" />
            <Stack																			Anchor="C,T" StackGrowth="Right" StackPadding="2" Offset="0,4">
              <Button				ID="RecruitInfoOpenButton"	Anchor="C,C" Texture="Controls_ButtonExtendSmall" Size="20,17" TextureOffset="0,64" StateOffsetIncrement="0,17" />
              <Label																		Anchor="C,C" Style="FontFlair14" WrapWidth="150" Color="157,150,138,255" SmallCaps="20" SmallCapsType="EveryWord" String="LOC_GREAT_PEOPLE_RECRUIT_PROGRESS" />
            </Stack>
            <MakeInstance		ID="LocalPlayerRecruitInstance" Name="RecruitInstance" Offset="0,4" />
            <Box				  Anchor="C,T" Size="parent-8,2" Color="199,187,157,90" />
            <Stack					ID="RecruitMinimizedStack" StackGrowth="Down" StackPadding="3">
              <ScrollPanel	ID="RecruitScroll"									Anchor="C,T" Size="parent,180" Vertical="1" >
                <Stack			ID="RecruitStack"										Anchor="C,T" StackPadding="2" />
                <ScrollBar												Anchor="R,C"	Offset="0,0"		AnchorSide="O,I"						Style="ScrollVerticalBarAlt" />
              </ScrollPanel>
              <Box				  Anchor="C,T" Size="parent-8,2" Color="199,187,157,90" />
            </Stack>
          </Stack>
          
					<Label			ID="RecruitInfo"					Anchor="C,B"	Offset="0,-32"		Style="GreatPeopleText" String="LOC_GREAT_PEOPLE_OR_RECRUIT_WITH_PATRONAGE" />

					<Stack ID="RecruitButtonStack"				Anchor="C,B" Offset="0,90" StackGrowth="Down" >
            <GridButton ID="RecruitButton"			Anchor="C,B" Size="190,41" Style="ButtonConfirm"	Hidden="1" String="LOC_GREAT_PEOPLE_RECRUIT" />
            <GridButton ID="RejectButton"				Anchor="C,B" Size="190,41" Style="MainButton"	Hidden="1" String="LOC_GREAT_PEOPLE_PASS" />
          </Stack>
        </Container>

				<Stack Anchor="C,B" Offset="0,-10" StackGrowth="Right" StackPadding="10">
          <GridButton ID="GoldButton"					Size="80,32"							SliceCorner="12,12" SliceSize="1,1" SliceTextureSize="24,24" Texture="Controls_ButtonControl_Brown" TextColor="126,123,120" Style="FontNormal18" StateOffsetIncrement="0,24" String="999" />
          <GridButton ID="FaithButton"				Size="80,32"							SliceCorner="12,12" SliceSize="1,1" SliceTextureSize="24,24" Texture="Controls_ButtonControl_Brown" TextColor="126,123,120" Style="FontNormal18" StateOffsetIncrement="0,24" String="999" />
        </Stack>
      </Container>

			<Label			ID="ClaimedLabel"					Anchor="C,C"	Offset="0,0" Align="Center" WrapWidth="200" Style="FontFlair16" FontStyle="Shadow" ColorSet="GreatPeopleCS" String="LOC_GREAT_PEOPLE_ALL_POSSIBLE_CHOSEN" />

			<Container		ID="BiographyArea"						Anchor="C,B" Offset="0,58"	Size="180,391">
        <ScrollPanel		ID="BiographyScroll"							Anchor="C,T" Offset="0,0"		Size="parent,parent"			Vertical="1">
          <Label ID="BiographyText" Offset="0,0" WrapWidth="parent" Style="GreatPeopleText" FontStyle="Shadow" ColorSet="GreatPeopleCS" String="$Text$" />
          <ScrollBar          Anchor="R,C"	Offset="1,0"		AnchorSide="O,I"					Style="ScrollVerticalBarAlt" />
        </ScrollPanel>
        <GridButton			ID="BiographyBackButton"	Anchor="C,B"	AnchorSide="I,O" Offset="0,20" Size="parent-40,28" SliceCorner="12,12" SliceSize="1,1" SliceTextureSize="24,24" Texture="Controls_ButtonControl_Tan" TextColor="20,20,20" Style="FontNormal16" String="LOC_GREAT_PEOPLE_BACK" StateOffsetIncrement="0,24" />
      </Container>

      <Container		ID="RecruitInfoArea" Anchor="L,B" Offset="13,54" Size="180,391" Hidden="1" >
        <ScrollPanel		ID="RecruitInfoScroll"							Anchor="C,B" Offset="0,0"		Size="parent,parent"			Vertical="1">
          <Stack ID="RecruitInfoStack" StackGrowth="Down" StackPadding="4"/>
          <ScrollBar          Anchor="R,C"	Offset="1,0"		AnchorSide="O,I"					Style="ScrollVerticalBarAlt" />
        </ScrollPanel>
        <GridButton			ID="RecruitInfoBackButton"	Anchor="C,B"	AnchorSide="I,O" Offset="0,20" Size="parent-40,28" SliceCorner="12,12" SliceSize="1,1" SliceTextureSize="24,24" Texture="Controls_ButtonControl_Tan" TextColor="20,20,20" Style="FontNormal16" String="LOC_GREAT_PEOPLE_BACK" StateOffsetIncrement="0,24" />
      </Container>
		</Container>
	</Instance>

	<Instance						Name="PastRecruitmentInstance">
		<Grid							ID="Content"																						Size="parent-20,75" 	Color="GreatPeopleRowUnOwned"	Style="SubContainer2">
			<Container Size="64,parent">
				<Label ID="EarnDate" Anchor="C,C"	Offset="0,0" Color="GreatPeopleRow" Style="FontNormal14"	String="$EarnDate$" WrapWidth="64" />
			</Container>
			<Container Size="2,40" Offset="70,0" Anchor="L,C">
				<Line Start="0,2" End="0,41" Width="2" Color="42,57,72,255" />
			</Container>
			<Container Size="260,parent" Offset="75,0">
				<Stack StackGrowth="Bottom" Size="parent,auto" Anchor="L,C">
					<Label ID="ClassName" WrapWidth="260" Color="GreatPeopleRow" Style="FontBoldFlair18" SmallCaps="22" SmallCapsType="Every" String="$ClassName$" />
					<Label ID="GreatPersonInfo" WrapWidth="260" Color="GreatPeopleRow" Style="FontNormal14" String="$GreatPersonInfo" />
				</Stack>
			</Container>
			<Container Size="2,40" Offset="340,0" Anchor="L,C">
				<Line Start="0,2" End="0,41" Width="2" Color="42,57,72,255" />
			</Container>
      <Container Anchor="L,C" Offset="345,0" Size="68,68">
        <Image Texture="Controls_CircleBacking68" Size="68,68" Anchor="C,C"/>
        <Image  ID="YouIndicator" Hidden="1" Size="64,62" Texture="Diplomacy_YouIndicator" Anchor="C,C"/>
        <Image  ID="RecruitedImage" Anchor="C,C" Size="55,55" Texture="Leaders55" />
        <Image ID="CivIndicator" Anchor="R,T" Texture="CircleBacking22" Size="22,22" Offset="0,0">
          <Image ID="CivIcon" Anchor="C,C" Texture="CivSymbols22" Size="22,22"/>
        </Image>
			</Container>
			<Container Size="2,40" Anchor="L,C" Offset="418,0">
				<Line																			Start="0,2" End="0,41" Width="2" Color="42,57,72,255" />
			</Container>
			<Stack					ID="EffectStack"											Offset="420,0" StackGrowth="Right" />
		</Grid>
	</Instance>

	<Instance						Name="PastEffectInstance">
		<Container				ID="Top"																							Size="260,54" >
			<Image					ID="EffectTypeIcon"																		Size="54,54" Texture="Controls_SlotCircle2" Color="90,90,100,130">
				<Image ID="ActiveAbilityIcon" Size="38,38" Anchor="C,C" Texture="UnitActions38" Hidden="1"/>
				<Image ID="PassiveAbilityIcon" Size="38,38" Anchor="C,C" Texture="GreatPeoplePassiveBonus" Hidden="1"/>
			</Image>
			<Label					ID="Text"								Anchor="L,T"	Offset="58,4"		WrapWidth="200" Style="GreatPeopleText" Color="255,0,0,255" String="$Text$" LeadingOffset="3" />
		</Container>
	</Instance>


	<Instance						Name="EffectInstance" >
		<Container				ID="Top" Size="parent,auto" >
			<Image					ID="EffectTypeIcon" Offset="6,0" Size="41,41" Texture="Controls_SlotCircle3" >
				<Image ID="ActiveAbilityIcon" Size="38,38" Anchor="C,C" Texture="UnitActions38" Hidden="1"/>
				<Image ID="PassiveAbilityIcon" Size="38,38" Anchor="C,C" Texture="GreatPeoplePassiveBonus" Hidden="1"/>
			</Image>
			<Label					ID="Text"								Anchor="L,T"	Offset="52,0"		WrapWidth="148" Style="GreatPeopleText" String="$Text$" />
		</Container>
	</Instance>

	<Instance						Name="RecruitInstance" >
		<Container				ID="Top"								Anchor="C,T" Size="182,auto" >
			<Label					ID="Country"						Anchor="L,T"	Offset="25,0"		WrapWidth="160" Style="GreatPeopleSmallText" Color="220,220,200,255" />
			<Label					ID="Amount"							Anchor="R,T"	Offset="0,0"		WrapWidth="160" Style="GreatPeopleSmallText" Color="220,220,200,255" String="X/Y" />
			<Label					ID="AmountPerTurn"					Anchor="R,T"	Offset="70,0"		WrapWidth="160" Style="GreatPeopleSmallText" Color="220,220,200,255" String="+0" />
			<Bar						ID="ProgressBar"											Offset="25,14"		Size="parent-25,6" FGColor="220,220,200,255" BGColor="0,0,0,255" Percent="0.5" />
      <Image ID="CivBacking" Anchor="L,C" Texture="CircleBacking22" Size="22,22" Offset="0,0">
        <Image ID="CivIcon" Anchor="C,C" Texture="CivSymbols22" Size="22,22"/>
      </Image>
		</Container>
	</Instance>

  <Instance Name="TabButtonInstance">
    <GridButton		ID="Button"					Anchor="L,T" Size="170,34"					Style="TabButton"					FontSize="14"	TextOffset="0,2">
      <GridButton	ID="SelectButton"		Size="parent,parent"	Style="TabButtonSelected" ConsumeMouseButton="0" ConsumeMouseOver="1" Hidden="1"/>
    </GridButton>
  </Instance>
</Context>
