<?xml version="1.0" encoding="utf-8"?>
<Context>
	<GridButton	ID="TPTSettingButton"	Anchor="R,C" Offset="3,-2" Size="25,25" Texture="Controls_ButtonControl_Brown" SliceCorner="10,10" SliceSize="1,1" SliceTextureSize="24,24" StateOffsetIncrement="0,24"	ToolTip="LOC_TPT_SETTINGS_UI_TT">
		<Image  Size="20,17" Texture="Controls_MenuIcon" Anchor="C,C" Color="157,132,87"/>
	</GridButton>

	<Container ID="TPTSettingsPanel" Size="380,512" Anchor="C,C" ConsumeMouse="1">
		<Grid Size="parent,parent" Texture="Controls_ContainerBlue" SliceStart="0,0" SliceCorner="3,3" SliceSize="9,9" SliceTextureSize="16,16">
			<Container ID="Header" Size="parent,54" Anchor="C,T" Style="ShellHeaderContainer">
				<Grid Style="ShellHeaderButtonGrid">
				<Label Style="FontFlair24" FontStyle="glow" ColorSet="ShellHeader" Anchor="C,C" String="LOC_GAMESUMMARY_HISTORY_SETTINGS"/>
				</Grid>
			</Container>

			<Container ID="GeneralOptions" Size="parent,parent-54" Offset="0,20" Hidden="0" Anchor="C,T">
				<ScrollPanel	ID="Listings"			Anchor="C,T" Size="parent,parent-72"	Offset="0,48" Size="parent,parent" Vertical="1" AutoScrollBar="1" >
					<Stack ID="CheckBoxStack" Anchor="C,T" StackGrowth="Down" Padding="5" Offset="0,0"/>
					<ScrollBar Style="Slider_Blue"		Anchor="R,C" AnchorSide="O,I" Offset="-10,0" />
				</ScrollPanel>	
			</Container>

			<Container ID="Header" Size="parent,60" Anchor="C,B" Offset="0,-5" Style="ShellHeaderContainer">
				<GridButton ID="ConfirmButton" Style="ButtonConfirm" Anchor="C,C" Offset="0,-1" String="LOC_AUTONARRATE_BUTTON_DONE" Size="300,41"/>
			</Container>
		</Grid>
	</Container>

 	<Instance	Name="CheckboxInstance">
		<Container ID="ButtonRoot" Size="300,24"  Anchor="L,C">
			<GridButton ID="Settings_Box" Anchor="L,C" Offset="0,0" Size="300,24" Style="CheckBoxControl" String="#String"/>
		</Container>
	</Instance>
</Context>