<?xml version="1.0" encoding="utf-8"?>
<GameData>
  <BaseGameText>
    <!-- ENGLISH -->

    <!-- Common Text -->
    <Row Tag="LOC_TRADE_GROUP_SETTINGS">
      <Text>Group Settings</Text>
    </Row>

    <Row Tag="LOC_TRADE_FILTER_SETTINGS">
      <Text>Filter Settings</Text>
    </Row>

    <Row Tag="LOC_TRADE_SORT_BY_FOOD_TOOLTIP">
      <Text>Sort by [ICON_Food]Food.</Text>
    </Row>

    <Row Tag="LOC_TRADE_SORT_BY_PRODUCTION_TOOLTIP">
      <Text>Sort by [ICON_Production]Production.</Text>
    </Row>

    <Row Tag="LOC_TRADE_SORT_BY_GOLD_TOOLTIP">
      <Text>Sort by [ICON_Gold]Gold.</Text>
    </Row>

    <Row Tag="LOC_TRADE_SORT_BY_SCIENCE_TOOLTIP">
      <Text>Sort by [ICON_Science]Science.</Text>
    </Row>

    <Row Tag="LOC_TRADE_SORT_BY_CULTURE_TOOLTIP">
      <Text>Sort by [ICON_Culture]Culture.</Text>
    </Row>

    <Row Tag="LOC_TRADE_SORT_BY_FAITH_TOOLTIP">
      <Text>Sort by [ICON_Faith]Faith.</Text>
    </Row>

    <Row Tag="LOC_TRADE_SORT_BY_TURNS_REMAINING_TOOLTIP">
      <Text>Sort by [ICON_Turn]Turns to complete route.</Text>
    </Row>

    <Row Tag="LOC_TRADE_FILTER_INTERNATIONAL_ROUTES_TEXT">
      <Text>International Routes</Text>
    </Row>

    <Row Tag="LOC_TRADE_FILTER_CS_WITH_QUEST_TOOLTIP">
      <Text>City-States with Trade Quest</Text>
    </Row>

    <!-- Trade Overview -->
    <Row Tag="LOC_TRADE_NO_BENEFIT_TEXT">
      <Text>gains no benefits from this Route.</Text>
    </Row>

    <Row Tag="LOC_TRADE_SORT_BY_TEXT">
      <Text>Sort by:</Text>
    </Row>

    <Row Tag="LOC_TRADE_OVERVIEW_ORIGIN_AZ">
      <Text>Origin A-Z</Text>
    </Row>

    <Row Tag="LOC_TRADE_OVERVIEW_ORIGIN_ZA">
      <Text>Origin Z-A</Text>
    </Row>

    <Row Tag="LOC_TRADE_OVERVIEW_DESTINATION_AZ">
      <Text>Destination A-Z</Text>
    </Row>

    <Row Tag="LOC_TRADE_OVERVIEW_DESTINATION_ZA">
      <Text>Destination Z-A</Text>
    </Row>

    <Row Tag="LOC_TRADE_EXPAND_ALL_BUTTON_TEXT">
      <Text>Exp:</Text>
    </Row>

    <Row Tag="LOC_TRADE_COLLAPSE_ALL_BUTTON_TEXT">
      <Text>Col:</Text>
    </Row>

    <Row Tag="LOC_TRADE_TURNS_REMAINING_HELP_TOOLTIP">
      <Text>Total amount of[ICON_Turn]to complete this trade route</Text>
    </Row>

    <Row Tag="LOC_TRADE_TURNS_REMAINING_ALT_HELP_TOOLTIP">
      <Text>This route will take {1_TurnsRemaining}[Icon_Turn] to complete.</Text>
    </Row>

    <Row Tag="LOC_TRADE_TURNS_REMAINING_TOOLTIP_BREAKER">
      <Text>----------------------------</Text>
    </Row>

    <Row Tag="LOC_TRADE_TURNS_REMAINING_ROUTE_LENGTH_TOOLTIP">
      <Text>Trade Route[ICON_Movement]: {1_TripsToDestination}</Text>
    </Row>

    <Row Tag="LOC_TRADE_TURNS_REMAINING_TRIPS_COUNT_TOOLTIP">
      <Text>Trips to destination: {1_TripsToDestination}</Text>
    </Row>

    <Row Tag="LOC_TRADE_TURNS_REMAINING_TURN_COMPLETION_TOOLTIP">
      <Text>Route will complete in [ICON_Turn]{1_TurnWhenCompleted}</Text>
    </Row>

    <Row Tag="LOC_TRADE_TURNS_REMAINING_TURN_COMPLETION_ALT_TOOLTIP">
      <Text>If started, route will take {1_TurnsToComplete} turns and will complete on turn {2_TurnWhenCompleted}</Text>
    </Row>

    <Row Tag="LOC_TRADE_CANCEL_AUTOMATION_TOOLTIP">
      <Text>Cancel this trade route's automation. The trader will be available, once this route completes.</Text>
    </Row>

    <!-- Make Trade Route -->
    <Row Tag="LOC_TRADE_REPEAT_ROUTE_CHECKBOX_LABEL">
      <Text>Repeat Route:</Text>
    </Row>

    <Row Tag="LOC_TRADE_REPEAT_ROUTE_CHECKBOX_TOOLTIP">
      <Text>Enable, to have this trader repeat its route. By default, the route repeated is the last one the trader made.</Text>
    </Row>

    <Row Tag="LOC_TRADE_FROM_TOP_SORT_ENTRY_CHECKBOX_LABEL">
      <Text>From Top Sort Entry:</Text>
    </Row>

    <Row Tag="LOC_TRADE_FROM_TOP_SORT_ENTRY_CHECKBOX_TOOLTIP">
      <Text>The route repeated is the top route from the currently sort settings. The route gets picked when trader completes his last one.</Text>
    </Row>

    <!-- Trade Origin Chooser -->
    <Row Tag="LOC_ORIGIN_CHOOSER_HEADER_BACKGROUND_TEXT">
      <Text>Choose a city</Text>
    </Row>

    <Row Tag="LOC_TRADE_ORIGIN_CHOOSER_HEADER_LABEL_TEXT">
      <Text>TRANSFER TRADER TO...</Text>
    </Row>

    <Row Tag="LOC_ORIGIN_CHOOSER_CHANGE_DESTINATION_BUTTON">
      <Text>CONFIRM</Text>
    </Row>

    <!-- Settings Panel -->
    <Row Tag="LOC_BTS_SETTINGS_PANEL_HEADER">
      <Text>Better Trade Screen - Settings</Text>
    </Row>

    <Row Tag="LOC_BTS_SETTING_APPROXIMATE_TRADER_PATH">
      <Text>Approximate trader path</Text>
    </Row>

    <Row Tag="LOC_BTS_SETTING_APPROXIMATE_TRADER_PATH_TOOLTIP">
      <Text>Use absolute distance to approximate the trader path rather than the actual path the trader takes. Can make the trade panels open faster when you have a lot of cities, but makes the trade route duration (in turns) be extremely inaccurate in specific cases.</Text>
    </Row>

    <Row Tag="LOC_BTS_SETTING_SHOW_SORT_PRIORITIES">
      <Text>Show sort priorities</Text>
    </Row>

    <Row Tag="LOC_BTS_SETTING_SHOW_SORT_PRIORITIES_TOOLTIP">
      <Text>Will show priorities of yields for sorting in their respective buttons. Useful if you sort by multiple yields like food + production.</Text>
    </Row>

    <Row Tag="LOC_BTS_SETTING_SHOW_ALL_ROUTE_PATHS">
      <Text>Show all route paths</Text>
    </Row>

    <Row Tag="LOC_BTS_SETTING_SHOW_ALL_ROUTE_PATHS_TOOLTIP">
      <Text>In the route chooser panel, this option will show all route paths, rather than just the selected one. Disabling this can help speed up the panel opening.</Text>
    </Row>

    <Row Tag="LOC_BTS_SHOW_TRADER_PATH_ON_SELECTION">
      <Text>Show trader's path on selection</Text>
    </Row>

    <Row Tag="LOC_BTS_SHOW_TRADER_PATH_ON_SELECTION_TOOLTIP">
      <Text>Enabling this will show trader's path and the origin and destination city when selecting it. Will only show paths for your trader.</Text>
    </Row>

  </BaseGameText>
</GameData>
