<?xml version="1.0" encoding="utf-8"?>
<!-- BetterReportScreen_Text -->
<!-- Author: Infixo -->
<!-- 2018-02-23: Created -->
<GameData>

<BaseGameText>

	<!-- Tab names -->
	<Row Tag="LOC_HUD_REPORTS_TAB_DEALS"> <!-- LOC_HUD_REPORTS_ROW_DIPLOMATIC_DEALS -->
		<Text>Deals</Text>
	</Row>
	<Row Tag="LOC_HUD_REPORTS_TAB_UNITS"> <!-- LOC_PEDIA_UNITS_TITLE -->
		<Text>Units</Text>
	</Row>
	<Row Tag="LOC_HUD_REPORTS_TAB_POLICIES"> <!-- LOC_PEDIA_CONCEPTS_PAGE_GOVT_2_CHAPTER_CONTENT_TITLE -->
		<Text>Policies</Text>
	</Row>
	<Row Tag="LOC_HUD_REPORTS_TAB_MINORS"> <!-- LOC_CITY_STATES_CITY_STATES -->
		<Text>Minors</Text>
	</Row>
	<Row Tag="LOC_HUD_REPORTS_TAB_CITIES"> <!-- Gathering Storm -->
		<Text>Cities</Text>
	</Row>
	<Row Tag="LOC_HUD_REPORTS_TAB_CITIES2"> <!-- Gathering Storm -->
		<Text>[ICON_Power]Cities</Text>
	</Row>
	<!-- Column headers -->
	<Row Tag="LOC_BRS_HEADER_BUILDINGNAME">
		<Text>Building/District Name</Text>
	</Row>
	<Row Tag="LOC_BRS_HEADER_BUILDINGCOUNT">
		<Text>Number of Buildings/Districts</Text>
	</Row>
	<Row Tag="LOC_BRS_HEADER_GROWTH">
		<Text>Growth</Text>
	</Row>
	<Row Tag="LOC_BRS_HEADER_HAPPINESS">
		<Text>Happiness</Text>
	</Row>
	<Row Tag="LOC_BRS_HEADER_POLICY_NAME">
		<Text>Policy Name</Text>
	</Row>
	<!-- Resource checkboxes -->
	<Row Tag="LOC_BRS_CHECKBOX_HIDE_DETAILS">
		<Text>Hide City Details</Text>
	</Row>
	<Row Tag="LOC_BRS_CHECKBOX_HIDE_FREE_BUILDINGS">
		<Text>Hide Free Buildings</Text>
	</Row>
	<Row Tag="LOC_BRS_CHECKBOX_HIDE_FREE_UNITS">
		<Text>Hide Free Units</Text>
	</Row>
	<!-- UNITS -->
	<!-- Unit groups -->
	<Row Tag="LOC_BRS_UNITS_GROUP_AIR">
		<Text>Military - Air</Text>
	</Row>
	<Row Tag="LOC_BRS_UNITS_GROUP_NAVAL">
		<Text>Military - Naval</Text>
	</Row>
	<Row Tag="LOC_BRS_UNITS_GROUP_LAND_COMBAT">
		<Text>Military - Land</Text>
	</Row>
	<Row Tag="LOC_BRS_UNITS_GROUP_CIVILIAN">
		<Text>Civilian</Text>
	</Row>
	<Row Tag="LOC_BRS_UNITS_GROUP_SUPPORT">
		<Text>Support</Text>
	</Row>
	<Row Tag="LOC_BRS_UNITS_GROUP_SPY">
		<Text>Spies</Text>
	</Row>
	<Row Tag="LOC_BRS_UNITS_GROUP_TRADER">
		<Text>Traders</Text>
	</Row>
	<Row Tag="LOC_BRS_UNITS_GROUP_GREAT_PERSON">
		<Text>Great People</Text>
	</Row>
	<Row Tag="LOC_BRS_UNITS_GROUP_RELIGIOUS">
		<Text>Religious</Text>
	</Row>
	<!-- Headers -->
	<Row Tag="LOC_BRS_HEADER_TYPE">
		<Text>Type</Text>
	</Row>
	<Row Tag="LOC_BRS_HEADER_LEVEL">
		<Text>Level</Text>
	</Row>
	<Row Tag="LOC_BRS_HEADER_HEALTH">
		<Text>Health</Text>
	</Row>
	<Row Tag="LOC_BRS_HEADER_CLASS">
		<Text>Class</Text>
	</Row>
	<Row Tag="LOC_BRS_HEADER_NUM_CHARGES">
		<Text>Charges</Text>
	</Row>
	<Row Tag="LOC_BRS_HEADER_YIELDS">
		<Text>Yields</Text>
	</Row>
	<Row Tag="LOC_BRS_HEADER_ROUTE">
		<Text>Trade Route</Text>
	</Row>
	<Row Tag="LOC_BRS_HEADER_MISSION">
		<Text>Mission</Text>
	</Row>
	<!-- Tooltips -->
	<Row Tag="LOC_BRS_TOOLTIP_GOTOCITY">
		<Text>Go to this City</Text>
	</Row>
	<Row Tag="LOC_BRS_TOOLTIP_LOOKATUNIT">
		<Text>View this Unit on the map</Text>
	</Row>
	<Row Tag="LOC_BRS_TOOLTIP_GARRISON">
		<Text>Garrison</Text>
	</Row>
	<!-- POLICIES -->
	<Row Tag="LOC_BRS_POLICY_GROUP_SLOT_MILITARY">
		<Text>Military Policies</Text>
	</Row>
	<Row Tag="LOC_BRS_POLICY_GROUP_SLOT_ECONOMIC">
		<Text>Economic Policies</Text>
	</Row>
	<Row Tag="LOC_BRS_POLICY_GROUP_SLOT_DIPLOMATIC">
		<Text>Diplomatic Policies</Text>
	</Row>
	<Row Tag="LOC_BRS_POLICY_GROUP_SLOT_GREAT_PERSON">
		<Text>Great People Policies</Text>
	</Row>
	<Row Tag="LOC_BRS_POLICY_GROUP_SLOT_LEGACY">
		<Text>Legacy Policies</Text>
	</Row>
	<Row Tag="LOC_BRS_POLICY_GROUP_SLOT_DARKAGE">
		<Text>Dark Age Policies</Text>
	</Row>
	<!-- Checkboxes -->
	<Row Tag="LOC_BRS_CHECKBOX_HIDE_INACTIVE_POLICIES">
		<Text>Hide Inactive Policies</Text>
	</Row>
	<Row Tag="LOC_BRS_CHECKBOX_HIDE_NO_IMPACT_POLICIES">
		<Text>Hide Policies with No Impact</Text>
	</Row>
	<Row Tag="LOC_BRS_CHECKBOX_HIDE_NOT_MET_MINORS">
		<Text>Hide Not Met City States</Text>
	</Row>
	<Row Tag="LOC_BRS_CHECKBOX_HIDE_NO_IMPACT_MINORS">
		<Text>Hide City States with No Impact</Text>
	</Row>
	<!-- Deals -->
    <Row Tag="LOC_BRS_CURRENT_DEALS_OUTGOING">
		<Text>Outgoing</Text>
    </Row>
    <Row Tag="LOC_BRS_CURRENT_DEALS_INCOMING">
		<Text>Incoming</Text>
    </Row>
	<!-- Other -->
    <Row Tag="LOC_BRS_SPECIALISTS"> <!-- LOC_PEDIA_CONCEPTS_PAGE_CITIES_9_CHAPTER_CONTENT_TITLE -->
		<Text>Specialists</Text>
    </Row>
    <Row Tag="LOC_BRS_FROM_MODIFIERS">
		<Text>From Modifiers</Text>
    </Row>
    <Row Tag="LOC_BRS_FROM_MODIFIERS_PERCENT">
		<Text>From Modifiers [COLOR_White]%[ENDCOLOR]</Text>
    </Row>
    <Row Tag="LOC_BRS_PROD_BUILDINGS"> <!-- LOC_CITY_YIELD_FROM_BUILDING_PRODUCTION_BONUS -->
		<Text>Towards buildings</Text>
    </Row>
    <Row Tag="LOC_BRS_PROD_DISTRICTS"> <!-- LOC_CITY_YIELD_FROM_DISTRICT_PRODUCTION_BONUS -->
		<Text>Towards districts</Text>
    </Row>
    <Row Tag="LOC_BRS_PROD_UNITS"> <!-- LOC_CITY_YIELD_FROM_UNIT_PRODUCTION_BONUS -->
		<Text>Towards units</Text>
    </Row>
    <Row Tag="LOC_BRS_HAVING_DISTRICTS"> <!-- LOC_CITY_YIELD_FROM_NUM_DISTRICTS_TOOLTIP -->
		<!-- {Value: number + #.#;-#.# } from having {1_Num : plural 1?{1} district; other?{1} districts;}. -->
		<Text>From having {1_Num : plural 1?{1} district; other?{1} districts;}</Text>
    </Row>
	<!-- Gathering Storm -->
    <Row Tag="LOC_BRS_CO2">
		<Text>CO2</Text>
    </Row>
    <Row Tag="LOC_BRS_BARRIER">
		<Text>Barrier</Text>
    </Row>
    <Row Tag="LOC_BRS_BARRIER_MAINTENANCE">
		<Text>Flood Barrier maintenance cost</Text>
    </Row>

</BaseGameText>

</GameData>
