<?xml version="1.0" encoding="utf-8"?>
<GameInfo>
    <InputCategories>
        <InsertOrIgnore CategoryId="DMT" Name="LOC_DMT_OPTIONS_HOTKEY_CATEGORY" Visible="1" SortIndex="0"/>
    </InputCategories>
    <InputActions>
		<InsertOrIgnore ActionId="AddMapMessage" Name="LOC_DMT_OPTIONS_HOTKEY_ADD_MESSAGE_TACK" Description="LOC_DMT_OPTIONS_HOTKEY_ADD_MESSAGE_TACK" CategoryId="DMT" ContextId="World"/>
        <InsertOrIgnore ActionId="AddMapTack" Name="LOC_DMT_OPTIONS_HOTKEY_ADD_MAP_TACK" Description="LOC_DMT_OPTIONS_HOTKEY_ADD_MAP_TACK" CategoryId="DMT" ContextId="World"/>
        <InsertOrIgnore ActionId="DeleteMapTack" Name="LOC_DMT_OPTIONS_HOTKEY_DELETE_MAP_TACK" Description="LOC_DMT_OPTIONS_HOTKEY_DELETE_MAP_TACK" CategoryId="DMT" ContextId="World"/>
		<InsertOrIgnore ActionId="ToggleMapTackVisibility" Name="LOC_DMT_OPTIONS_HOTKEY_TOGGLE_MAP_TACK_VISIBILITY_NAME" Description="LOC_DMT_OPTIONS_HOTKEY_TOGGLE_MAP_TACK_VISIBILITY_DESC" CategoryId="DMT" ContextId="World"/>  
    </InputActions>
    <InputActionDefaultGestures>
		<InsertOrIgnore ActionId="AddMapMessage" Index="0" GestureType="KBMouse" GestureData="LOC_OPTIONS_KEY_SHIFT+LOC_OPTIONS_KEY_Y"/>
        <InsertOrIgnore ActionId="AddMapTack" Index="0" GestureType="KBMouse" GestureData="LOC_OPTIONS_KEY_SHIFT+LOC_OPTIONS_KEY_A"/>
        <InsertOrIgnore ActionId="DeleteMapTack" Index="0" GestureType="KBMouse" GestureData="LOC_OPTIONS_KEY_SHIFT+LOC_OPTIONS_KEY_D"/>
		<InsertOrIgnore ActionId="ToggleMapTackVisibility" Index="0" GestureType="KBMouse" GestureData="LOC_OPTIONS_KEY_SHIFT+LOC_OPTIONS_KEY_M"/>
    </InputActionDefaultGestures>
</GameInfo>