<?xml version="1.0" encoding="utf-8"?> 
 <GameData>
	<LocalizedText>
		<Replace Tag="TOOLS_COMMAND_NAME" Language="zh_Hans_CN">
			<Text>[COLOR:ResGoldLabelCS]智能计时器[ENDCOLOR]</Text>
		</Replace>
		<Replace Tag="TOOLS_COMMAND_DESC" Language="zh_Hans_CN">
			<Text>
			智能计时器特性:
			[NEWLINE]
			[NEWLINE][ICON_Bolt]可以在使用聊天指令(/help查看)
			[NEWLINE]
			[NEWLINE][icon_You]p+   加时20秒(每回合1次)
			[NEWLINE][icon_You]p+++   无回合时间
			[NEWLINE][icon_You]p--   下回合减20秒
			[NEWLINE]
			[NEWLINE][ICON_Bolt]其他特性
			[NEWLINE]
			[NEWLINE][icon_You]根据多数玩家回合时间自动平衡
			[NEWLINE][icon_You]宣战时自动加时
			[NEWLINE][icon_You]玩家掉线时无限时间
			</Text>
		</Replace>
		<Replace Tag="LOC_TOOLS_15_TIME_NAME" Language="zh_Hans_CN">
			<Text>[COLOR:ResGoldLabelCS]15秒计时提醒[ENDCOLOR]</Text>
		</Replace>
		<Replace Tag="LOC_TOOLS_15_TIME_DESC" Language="zh_Hans_CN">
			<Text>从15秒开始倒计时声响</Text>
		</Replace>
	</LocalizedText>
</GameData>
