﻿<?xml version="1.0" encoding="utf-8"?>
<Context xmlns:xsi="http://www.w3.org/2001/XMLSchema-instance" xsi:noNamespaceSchemaLocation="..\..\..\..\..\..\CivTech\Libs\ForgeUI\ForgeUI_Assets\Controls.xsd">

	<Include File="LeaderIcon"/>
  <Include File="CongressButton"/>

  <AlphaAnim ID="ChatIndicatorWaitTimer" Cycle="Once" Speed="0.5" AlphaBegin="0.0" AlphaEnd="1.0" Stopped="1"/>	
  <Container				ID="RibbonContainer" Size="auto,60" Anchor="R,T" Offset="0,27" >
    <Container			ID="ScrollContainer" Anchor="R,T" Size="10,90" >
      <ScrollPanel	ID="LeaderScroll" Size="parent,parent" >
        <Stack			ID="LeaderStack" Anchor="R,T" StackGrowth="Left" StackPadding="0" Offset="3,4"/>
      </ScrollPanel>

			<Image				ID="NextButtonContainer" Anchor="R,B" Offset="-12,-13" Size="40,37"  Texture="ActionPanel_Badge" >
        <Button			ID="NextButton" Anchor="R,B" Offset="4,2" Style="ArrowButtonRight"/>
      </Image>      
			<Container		ID="PreviousButtonContainer" Size="40,parent" Anchor="L,T" AnchorSide="O,I">
        <Image																	 Size="62,34" Offset="8,2" Texture="DiploRibbon_Separator" />
        <Image			ID="PreviousButtonBacking"	 Size="40,37" Anchor="L,B" Offset="29,-13" Texture="ActionPanel_Badge" FlipX="1">
          <Button		ID="PreviousButton" Anchor="L,B" Offset="4,2" Style="ArrowButtonLeft" />
        </Image>
      </Container>			
    </Container>
	  
	  <Tutorial   		ID="TutDiploRibbon"	Style="TutorialContainer"	Offset="80,90" Anchor="R,T" TriggerBy="TutorialDiploRibbon">
		  <SlideAnim		Anchor="R,T" Start="0,0"	EndOffset="0,-20" Cycle="Bounce" Function="OutQuad" >
			  <Image									 Size="44,58"		Texture="Tutorial_ArrowV" FlipY="1" />
		  </SlideAnim>
	  </Tutorial>

	  <Tutorial   		ID="TutSelectLeaderIcon"	Style="TutorialContainer"	Anchor="R,T" Offset="200,12"  TriggerBy="TutorialSelectLeaderIcon">
		  <Grid					Style="TutorialEndTurnCalloutGrid">
			  <Label			Style="TutorialEndTurnHeaderText"		String="LOC_META_158b_HEAD" />
			  <Label			Style="TutorialEndTurnBodyText"			String="LOC_META_158b_BODY" />
		  </Grid>
		  <SlideAnim		Anchor="R,T" Start="0,0"		EndOffset="-20,0" Cycle="Bounce" Function="OutQuad" >
			  <Image									 Size="58,44"		Texture="Tutorial_ArrowH" />
		  </SlideAnim>
	  </Tutorial>
  </Container>


	<!-- ==== [ Instances	]================================================	-->
  
	<Instance Name="LeaderInstance">
		<Container				ID="LeaderContainer"									Size="63,auto" ConsumeMouseOver="1">
			<Grid						ID="StatBacking"		Style="Subheader" Size="63,auto" Offset="0,-3" Color="HUDRIBBON_STATS_SHOW">								
				<SlideAnim		ID="ActiveSlide"											Size="63,auto" EndOffset="0,16" Speed="3" Cycle="Once" Stopped="1">
					<AlphaAnim	ID="ActiveLeaderAndStats"							Size="10,10" AlphaBegin="0" AlphaEnd="1" Speed="2" Cycle="Once" Stopped="1">
						<Box								Offset="2,4"								Size="parent,parent"	Color="128,128,0,128"  />
						<Box								Offset="3,4"								Size="2,parent-2"			Color="128,128,0,200"  />
						<Box								Offset="-1,4" Anchor="R,T"	Size="2,parent-2"			Color="128,128,0,200"  />
					</AlphaAnim>
					<MakeInstance Name="LeaderIcon45" Anchor="C,T" Offset="0,1" />
					<AlphaAnim	ID="ChatIndicatorFade" Cycle="Once" AlphaBegin="0.0" AlphaEnd="1.0" Speed="3" Stopped="1">
						<Image		ID="ChatIndicator" Offset="35,0" Size="22,22" Texture="DiploRibbon_TypingIndicator"/>
					</AlphaAnim>
					
					<Stack			ID="StatStack" StackGrowth="Bottom" Offset="1,60" StackPadding="3" EndPadding="6" >
						<ScrollTextField    ID="PlayerName"  Offset="0,0" Anchor="L" Size="60,12" Style="FontNormal12" FontStyle="shadow" Color="White" String="PlayerName" Hidden="1"/>
						
						<Label    	ID="PlayerNameLen"  Anchor="L" Offset="0,0"  Style="FontNormal12" FontStyle="shadow" Color="White" String="PlayerNameLen" Hidden="1"/>	<!-- 辅助，用于计算玩家名字长度 -->
						
						<Label    	ID="CivName"  Anchor="L" Offset="0,0"  Style="FontNormal12" FontStyle="shadow" Color="White" String="CiviName" ReduceWidth="61" Hidden="1"/>
						
						<Label		ID="Score"			Style="FontNormal14" FontStyle="shadow" Color0="255,200,0,255" Color2="180,130,200,255"		EffectColor="0,0,0,255" String="[ICON_Capital]-"	ToolTip="LOC_HUD_RIBBON_SCORE" ReduceWidth="61"/>
							
						<Label		ID="Military"		Style="FontNormal14" FontStyle="shadow" ColorSet="ResMilitaryLabelCS"	EffectColor="0,0,0,255" String="[ICON_Strength]-"	ToolTip="LOC_HUD_RIBBON_STRENGTH" 		ReduceWidth="61"/>
						
						<Label		ID="Cities"			Style="FontNormal14" FontStyle="shadow" ColorSet="ResFaithLabelCS"		EffectColor="0,0,0,255" String="[ICON_Citizen]-"	ToolTip="LOC_DPR_TOTAL_POPULATION" 		ReduceWidth="61" 	Hidden="1"/>
						
						<Label		ID="Science"		Style="FontNormal14" FontStyle="shadow" ColorSet="ResScienceLabelCS"	EffectColor="0,0,0,255" String="[ICON_Science]-"	ToolTip="LOC_HUD_RIBBON_SCIENCE" 		ReduceWidth="61"/>
						
						<Label		ID="Food_Total"		Style="FontNormal14" FontStyle="shadow" ColorSet="ResFoodLabelCS"		EffectColor="0,0,0,255" String="[ICON_Food]--"		ToolTip="LOC_DPR_FOOD_SURPLUS_YIELD" 	ReduceWidth="61" 	Hidden="1"/>
						
						<Label		ID="Culture"		Style="FontNormal14" FontStyle="shadow" ColorSet="ResCultureLabelCS"	EffectColor="0,0,0,255" String="[ICON_Culture]-"	ToolTip="LOC_HUD_RIBBON_CULTURE" 		ReduceWidth="61"/>
						
						<Label		ID="Production_Total"		Style="FontNormal14" FontStyle="shadow" ColorSet="ResProductionLabelCS"	EffectColor="0,0,0,255" String="[ICON_Production]-"	ToolTip="LOC_DPR_PRODUCTION_YIELD" ReduceWidth="61" Hidden="1"/>
						
						<Label		ID="Gold"			Style="FontNormal14" FontStyle="shadow" ColorSet="ResGoldLabelCS"		EffectColor="0,0,0,255" String="[ICON_Gold]-"		ToolTip="LOC_HUD_RIBBON_GOLD" 			ReduceWidth="61"/>
						
						<Label		ID="GoldPerTurn"	Style="FontNormal14" FontStyle="shadow" ColorSet="ResGoldLabelCS"	    EffectColor="0,0,0,255" String="[ICON_Gold]--"		ToolTip="LOC_DPR_GOLD_PERTURN" 			ReduceWidth="61" 	Hidden="1"/>
						
						<Label		ID="Faith"			Style="FontNormal14" FontStyle="shadow" ColorSet="ResFaithLabelCS" 		EffectColor="0,0,0,255" String="[ICON_Faith]-"		ToolTip="LOC_HUD_RIBBON_FAITH" 			ReduceWidth="61"/>
						
						<Label		ID="FaithperTurn"	Style="FontNormal14" FontStyle="shadow" ColorSet="ResFaithLabelCS" 		EffectColor="0,0,0,255" String="[ICON_Faith]-"		ToolTip="LOC_DPR_FAITH_PERTURN" 		ReduceWidth="61" 	Hidden="1"/>
						
						<Label		ID="Favor"			Style="FontNormal14" FontStyle="shadow" ColorSet="ResFavorLabelCS" 		EffectColor="0,0,0,255" String="[ICON_Favor]-"  	ToolTip="LOC_HUD_RIBBON_FAVOR" 			ReduceWidth="61"/>
						
						<Label		ID="FavorperTurn"	Style="FontNormal14" FontStyle="shadow" ColorSet="ResFavorLabelCS" 		EffectColor="0,0,0,255" String="[ICON_Favor]-"  	ToolTip="LOC_DPR_FAVOR_PERTURN" 		ReduceWidth="61" 	Hidden="1"/>		
						
						<!-- 额外添加 -->
						<Button ID="ScienceButton" Anchor="L" Offset="5,6" Size="51,51" Texture="LaunchBar_Hook_ScienceButton" Style="ButtonNormalText" TextureOffset="4,9" StateOffsetIncrement="0,60" Hidden="1">
        					<Image ID="ResearchIcon" Anchor="C,T" Offset="0,4" Size="38,38" Texture="LaunchBar_Hook_TechTree"/>  	
        					<Meter 	ID="ScienceBoostMeter"			Anchor="C,C"	Size="55,55" Offset="-0.5,-4.5"	Texture="ResearchPanel_BoostMeter"  Percent=".4"	 	Speed="1.0" Follow="1"/>
        					<Meter 	ID="ScienceProgressMeter"		Anchor="C,C"	Size="55,55" Offset="-0.5,-4.5"	Texture="ResearchPanel_Meter"		Percent="0"	Speed="1.0" Follow="1"/>
      					</Button>
						<Label		ID="ScienceText" 		Anchor="L"	Offset="3,-2"		Style="FontNormal12" FontStyle="shadow" Align="center" Color0="255,255,255,255" Color2="0,0,0,0"		EffectColor="0,0,0,255" String="LOC_WORLD_TRACKER_CHOOSE_RESEARCH" Hidden="1"/>
						<Label		ID="ScienceTurnsLeft"	Anchor="L"	Offset="0,0"		Style="FontNormal12" String="[ICON_Turn]   " Hidden="1"/>
						
						<Button ID="CultureButton" Anchor="L" Offset="5,2" Size="51,51" Texture="LaunchBar_Hook_CultureButton" Style="ButtonNormalText" TextureOffset="4,9" StateOffsetIncrement="0,60" Hidden="1">
        					<Image ID="CultureIcon" Anchor="C,T" Offset="0,4" Size="38,38" Texture="LaunchBar_Hook_CivicsTree"/>
							<Meter	ID="CultureBoostMeter"		Anchor="C,C"	Size="55,55" Offset="-0.5,-4.5"	Texture="CivicPanel_BoostMeter"  	Percent=".4"		Speed="1.0" Follow="1"/>
							<Meter	ID="CultureProgressMeter"	Anchor="C,C"	Size="55,55" Offset="-0.5,-4.5"	Texture="CivicPanel_Meter"			Percent="0"	Speed="1.0" Follow="1"/>        					
     					</Button>
						<Label		ID="CultureText" 		Anchor="L" 	Offset="3,-2"		Style="FontNormal12" FontStyle="shadow" Align="center" Color0="255,255,255,255" Color2="0,0,0,0"		EffectColor="0,0,0,255" String="LOC_WORLD_TRACKER_CHOOSE_CIVIC" Hidden="1"/>
						<Label		ID="CultureTurnsLeft"	Anchor="L"	Offset="0,0"		Style="FontNormal12" String="[ICON_Turn]   " Hidden="1"/>		
					</Stack>
					<Button ID="TPT_Control_1" Size="60,115" Anchor="L,T" Offset="0,60"/>	<!--  隐形的按钮 -->		
				</SlideAnim>
			</Grid>
		</Container>
  </Instance>
  
</Context>