<?xml version="1.0" encoding="utf-8"?>
<!-- BetterReportScreen_Config_Text -->
<!-- Author: Infixo -->
<!-- 2018-03-12: Created -->
<GameData>

<BaseGameText>

	<!-- English -->
	<Row Tag="LOC_OPTIONS_HOTKEY_UI_REPORTS">
		<Text>Toggle Reports Screen</Text>
	</Row>
	<Row Tag="LOC_OPTIONS_HOTKEY_UI_REPORTS_HELP">
		<Text>Toggles visibility of the Reports Screen</Text>
	</Row>

</BaseGameText>

<LocalizedText>

	<!-- Polish -->
	<Replace Tag="LOC_OPTIONS_HOTKEY_UI_REPORTS" Language="pl_PL">
		<Text>Ekran raportów</Text>
	</Replace>
	<Replace Tag="LOC_OPTIONS_HOTKEY_UI_REPORTS_HELP" Language="pl_PL">
		<Text>Włącza/wyłącza widoczność ekranu raportów.</Text>
	</Replace>

	<!-- Russian -->
	<Replace Tag="LOC_OPTIONS_HOTKEY_UI_REPORTS" Language="ru_RU">
		<Text>Переключить экран отчетов</Text>
	</Replace>
	<Replace Tag="LOC_OPTIONS_HOTKEY_UI_REPORTS_HELP" Language="ru_RU">
		<Text>Переключает отображение экрана отчетов.</Text>
	</Replace>

	<!-- Portugues do Brasil -->
	<Replace Tag="LOC_OPTIONS_HOTKEY_UI_REPORTS" Language="pt_BR">
		<Text>Alternar a Tela de Relatórios</Text>
	</Replace>
	<Replace Tag="LOC_OPTIONS_HOTKEY_UI_REPORTS_HELP" Language="pt_BR">
		<Text>Alterna a visibilidade da tela de Relatórios</Text>
	</Replace>
	
	<!-- Chinese -->
	<Row Tag="LOC_OPTIONS_HOTKEY_UI_REPORTS" Language="zh_Hans_CN">
		<Text>切换至报告界面</Text>
	</Row>
	<Row Tag="LOC_OPTIONS_HOTKEY_UI_REPORTS_HELP" Language="zh_Hans_CN">
		<Text>切换报告界面的能见度</Text>
	</Row>
	
</LocalizedText>

</GameData>
